<?xml version="1.0" encoding="UTF-8"?>
<log>
<logentry
   revision="4294">
<author>agwall2</author>
<date>2015-03-17T06:43:26.784163Z</date>
<paths>
<path
   action="M"
   kind="file">/agwall2/Assignment1.2/src/ChessLibrary/Board.java</path>
</paths>
<msg>testing lastest commit message chess</msg>
</logentry>
<logentry
   revision="4032">
<author>agwall2</author>
<date>2015-03-12T20:31:12.877075Z</date>
<paths>
<path
   kind="dir"
   action="A">/agwall2/Assignment2.1</path>
<path
   action="A"
   kind="dir">/agwall2/Assignment2.1/.idea</path>
<path
   action="A"
   kind="file">/agwall2/Assignment2.1/.idea/.name</path>
<path
   action="A"
   kind="file">/agwall2/Assignment2.1/.idea/CSAir.iml</path>
<path
   action="A"
   kind="dir">/agwall2/Assignment2.1/.idea/dictionaries</path>
<path
   kind="file"
   action="A">/agwall2/Assignment2.1/.idea/dictionaries/user.xml</path>
<path
   kind="file"
   action="A">/agwall2/Assignment2.1/.idea/encodings.xml</path>
<path
   kind="file"
   action="A">/agwall2/Assignment2.1/.idea/misc.xml</path>
<path
   action="A"
   kind="file">/agwall2/Assignment2.1/.idea/modules.xml</path>
<path
   action="A"
   kind="dir">/agwall2/Assignment2.1/.idea/scopes</path>
<path
   action="A"
   kind="file">/agwall2/Assignment2.1/.idea/scopes/scope_settings.xml</path>
<path
   kind="file"
   action="A">/agwall2/Assignment2.1/.idea/vcs.xml</path>
<path
   kind="file"
   action="A">/agwall2/Assignment2.1/.idea/workspace.xml</path>
<path
   kind="file"
   action="A">/agwall2/Assignment2.1/cmi_hub.json</path>
<path
   kind="file"
   action="A">/agwall2/Assignment2.1/edge.rb</path>
<path
   action="A"
   kind="file">/agwall2/Assignment2.1/graph.rb</path>
<path
   action="A"
   kind="file">/agwall2/Assignment2.1/json_reader.rb</path>
<path
   action="A"
   kind="file">/agwall2/Assignment2.1/map_data.json</path>
<path
   action="A"
   kind="file">/agwall2/Assignment2.1/node.rb</path>
<path
   kind="dir"
   action="A">/agwall2/Assignment2.1/tests</path>
<path
   kind="file"
   action="A">/agwall2/Assignment2.1/tests/graph_test.rb</path>
<path
   kind="file"
   action="A">/agwall2/Assignment2.1/tests/json_reader_test.rb</path>
<path
   kind="file"
   action="A">/agwall2/Assignment2.1/tests/test_data.json</path>
<path
   action="A"
   kind="file">/agwall2/Assignment2.1/text_interface.rb</path>
</paths>
<msg></msg>
</logentry>
<logentry
   revision="3520">
<author>agwall2</author>
<date>2015-03-05T22:38:05.165123Z</date>
<paths>
<path
   kind="file"
   action="M">/agwall2/Assignment1.2/src/ChessController.java</path>
<path
   kind="file"
   action="M">/agwall2/Assignment1.2/src/ChessLibrary/Bishop.java</path>
<path
   action="M"
   kind="file">/agwall2/Assignment1.2/src/ChessLibrary/Board.java</path>
<path
   action="M"
   kind="file">/agwall2/Assignment1.2/src/ChessLibrary/Game.java</path>
<path
   action="M"
   kind="file">/agwall2/Assignment1.2/src/ChessLibrary/Hopper.java</path>
<path
   action="M"
   kind="file">/agwall2/Assignment1.2/src/ChessLibrary/King.java</path>
<path
   kind="file"
   action="M">/agwall2/Assignment1.2/src/ChessLibrary/Knight.java</path>
<path
   kind="file"
   action="M">/agwall2/Assignment1.2/src/ChessLibrary/LastMove.java</path>
<path
   kind="file"
   action="M">/agwall2/Assignment1.2/src/ChessLibrary/Pawn.java</path>
<path
   kind="file"
   action="M">/agwall2/Assignment1.2/src/ChessLibrary/Piece.java</path>
<path
   action="M"
   kind="file">/agwall2/Assignment1.2/src/ChessLibrary/Queen.java</path>
<path
   action="M"
   kind="file">/agwall2/Assignment1.2/src/ChessLibrary/Rook.java</path>
<path
   action="M"
   kind="file">/agwall2/Assignment1.2/src/ChessLibrary/Swapper.java</path>
<path
   action="M"
   kind="file">/agwall2/Assignment1.2/src/ChessLibrary/Tile.java</path>
<path
   kind="file"
   action="M">/agwall2/Assignment1.2/src/ChessView.java</path>
<path
   kind="file"
   action="M">/agwall2/Assignment1.2/src/tests/BishopTests.java</path>
<path
   kind="file"
   action="M">/agwall2/Assignment1.2/src/tests/BoardTests.java</path>
<path
   kind="file"
   action="M">/agwall2/Assignment1.2/src/tests/GameTests.java</path>
<path
   action="M"
   kind="file">/agwall2/Assignment1.2/src/tests/HopperTest.java</path>
<path
   action="M"
   kind="file">/agwall2/Assignment1.2/src/tests/KingTests.java</path>
<path
   action="M"
   kind="file">/agwall2/Assignment1.2/src/tests/KnightTest.java</path>
<path
   action="M"
   kind="file">/agwall2/Assignment1.2/src/tests/LastMoveTest.java</path>
<path
   action="M"
   kind="file">/agwall2/Assignment1.2/src/tests/PawnTests.java</path>
<path
   kind="file"
   action="M">/agwall2/Assignment1.2/src/tests/PieceTests.java</path>
<path
   action="M"
   kind="file">/agwall2/Assignment1.2/src/tests/QueenTest.java</path>
<path
   action="M"
   kind="file">/agwall2/Assignment1.2/src/tests/RookTests.java</path>
<path
   action="M"
   kind="file">/agwall2/Assignment1.2/src/tests/SwapperTest.java</path>
</paths>
<msg></msg>
</logentry>
<logentry
   revision="3507">
<author>agwall2</author>
<date>2015-03-05T20:58:10.125352Z</date>
<paths>
<path
   kind="file"
   action="A">/agwall2/Assignment1.2/manual_test_plan.pdf</path>
</paths>
<msg></msg>
</logentry>
<logentry
   revision="3506">
<author>agwall2</author>
<date>2015-03-05T20:57:41.154999Z</date>
<paths>
<path
   kind="file"
   action="D">/agwall2/Assignment1.2/chessview</path>
<path
   action="D"
   kind="dir">/agwall2/Assignment1.2/images</path>
<path
   action="M"
   kind="file">/agwall2/Assignment1.2/src/ChessController.java</path>
<path
   action="M"
   kind="file">/agwall2/Assignment1.2/src/ChessLibrary/Bishop.java</path>
<path
   kind="file"
   action="M">/agwall2/Assignment1.2/src/ChessLibrary/Board.java</path>
<path
   kind="file"
   action="M">/agwall2/Assignment1.2/src/ChessLibrary/Game.java</path>
<path
   kind="file"
   action="M">/agwall2/Assignment1.2/src/ChessLibrary/Hopper.java</path>
<path
   action="M"
   kind="file">/agwall2/Assignment1.2/src/ChessLibrary/King.java</path>
<path
   action="M"
   kind="file">/agwall2/Assignment1.2/src/ChessLibrary/Knight.java</path>
<path
   action="A"
   kind="file">/agwall2/Assignment1.2/src/ChessLibrary/LastMove.java</path>
<path
   action="M"
   kind="file">/agwall2/Assignment1.2/src/ChessLibrary/Pawn.java</path>
<path
   kind="file"
   action="M">/agwall2/Assignment1.2/src/ChessLibrary/Piece.java</path>
<path
   kind="file"
   action="M">/agwall2/Assignment1.2/src/ChessLibrary/Queen.java</path>
<path
   kind="file"
   action="M">/agwall2/Assignment1.2/src/ChessLibrary/Rook.java</path>
<path
   kind="file"
   action="M">/agwall2/Assignment1.2/src/ChessLibrary/Swapper.java</path>
<path
   action="M"
   kind="file">/agwall2/Assignment1.2/src/ChessLibrary/Tile.java</path>
<path
   action="M"
   kind="file">/agwall2/Assignment1.2/src/ChessView.java</path>
<path
   action="A"
   kind="file">/agwall2/Assignment1.2/src/black_bishop.png</path>
<path
   action="A"
   kind="file">/agwall2/Assignment1.2/src/black_hopper.png</path>
<path
   kind="file"
   action="A">/agwall2/Assignment1.2/src/black_king.png</path>
<path
   kind="file"
   action="A">/agwall2/Assignment1.2/src/black_knight.png</path>
<path
   kind="file"
   copyfrom-path="/agwall2/Assignment1.2/images/black_pawn.png"
   copyfrom-rev="3165"
   action="A">/agwall2/Assignment1.2/src/black_pawn.png</path>
<path
   action="A"
   kind="file">/agwall2/Assignment1.2/src/black_queen.png</path>
<path
   action="A"
   kind="file">/agwall2/Assignment1.2/src/black_rook.png</path>
<path
   action="A"
   kind="file">/agwall2/Assignment1.2/src/black_swapper.png</path>
<path
   action="M"
   kind="file">/agwall2/Assignment1.2/src/tests/BishopTests.java</path>
<path
   kind="file"
   action="M">/agwall2/Assignment1.2/src/tests/BoardTests.java</path>
<path
   kind="file"
   action="M">/agwall2/Assignment1.2/src/tests/GameTests.java</path>
<path
   kind="file"
   action="M">/agwall2/Assignment1.2/src/tests/HopperTest.java</path>
<path
   kind="file"
   action="M">/agwall2/Assignment1.2/src/tests/KingTests.java</path>
<path
   action="M"
   kind="file">/agwall2/Assignment1.2/src/tests/KnightTest.java</path>
<path
   action="A"
   kind="file">/agwall2/Assignment1.2/src/tests/LastMoveTest.java</path>
<path
   action="M"
   kind="file">/agwall2/Assignment1.2/src/tests/PawnTests.java</path>
<path
   kind="file"
   action="M">/agwall2/Assignment1.2/src/tests/PieceTests.java</path>
<path
   kind="file"
   action="M">/agwall2/Assignment1.2/src/tests/QueenTest.java</path>
<path
   kind="file"
   action="M">/agwall2/Assignment1.2/src/tests/RookTests.java</path>
<path
   kind="file"
   action="M">/agwall2/Assignment1.2/src/tests/SwapperTest.java</path>
<path
   kind="file"
   action="A">/agwall2/Assignment1.2/src/white_bishop.png</path>
<path
   action="A"
   kind="file">/agwall2/Assignment1.2/src/white_hopper.png</path>
<path
   action="A"
   kind="file">/agwall2/Assignment1.2/src/white_king.png</path>
<path
   kind="file"
   action="A">/agwall2/Assignment1.2/src/white_knight.png</path>
<path
   action="A"
   kind="file">/agwall2/Assignment1.2/src/white_pawn.png</path>
<path
   kind="file"
   action="A">/agwall2/Assignment1.2/src/white_queen.png</path>
<path
   kind="file"
   action="A">/agwall2/Assignment1.2/src/white_rook.png</path>
<path
   kind="file"
   action="A">/agwall2/Assignment1.2/src/white_swapper.png</path>
</paths>
<msg></msg>
</logentry>
<logentry
   revision="3165">
<author>agwall2</author>
<date>2015-03-02T19:52:56.641821Z</date>
<paths>
<path
   kind="file"
   action="A">/agwall2/Assignment1.2/.classpath</path>
<path
   kind="file"
   action="A">/agwall2/Assignment1.2/.project</path>
<path
   kind="dir"
   action="A">/agwall2/Assignment1.2/.settings</path>
<path
   kind="file"
   action="A">/agwall2/Assignment1.2/.settings/org.eclipse.jdt.core.prefs</path>
<path
   action="A"
   kind="file">/agwall2/Assignment1.2/chessview</path>
<path
   action="A"
   kind="dir">/agwall2/Assignment1.2/images</path>
<path
   action="A"
   kind="file">/agwall2/Assignment1.2/images/black_bishop.png</path>
<path
   action="A"
   kind="file">/agwall2/Assignment1.2/images/black_king.png</path>
<path
   action="A"
   kind="file">/agwall2/Assignment1.2/images/black_knight.png</path>
<path
   kind="file"
   action="A">/agwall2/Assignment1.2/images/black_pawn.png</path>
<path
   action="A"
   kind="file">/agwall2/Assignment1.2/images/black_queen.png</path>
<path
   action="A"
   kind="file">/agwall2/Assignment1.2/images/black_rook.png</path>
<path
   kind="file"
   action="A">/agwall2/Assignment1.2/images/white_bishop.png</path>
<path
   kind="file"
   action="A">/agwall2/Assignment1.2/images/white_king.png</path>
<path
   kind="file"
   action="A">/agwall2/Assignment1.2/images/white_knight.png</path>
<path
   kind="file"
   action="A">/agwall2/Assignment1.2/images/white_pawn.png</path>
<path
   action="A"
   kind="file">/agwall2/Assignment1.2/images/white_queen.png</path>
<path
   action="A"
   kind="file">/agwall2/Assignment1.2/images/white_rook.png</path>
<path
   action="A"
   kind="dir">/agwall2/Assignment1.2/src</path>
<path
   action="A"
   kind="file">/agwall2/Assignment1.2/src/ChessController.java</path>
<path
   kind="dir"
   action="A">/agwall2/Assignment1.2/src/ChessLibrary</path>
<path
   kind="file"
   action="A">/agwall2/Assignment1.2/src/ChessLibrary/Bishop.java</path>
<path
   kind="file"
   action="A">/agwall2/Assignment1.2/src/ChessLibrary/Board.java</path>
<path
   kind="file"
   action="A">/agwall2/Assignment1.2/src/ChessLibrary/Game.java</path>
<path
   action="A"
   kind="file">/agwall2/Assignment1.2/src/ChessLibrary/Hopper.java</path>
<path
   action="A"
   kind="file">/agwall2/Assignment1.2/src/ChessLibrary/King.java</path>
<path
   action="A"
   kind="file">/agwall2/Assignment1.2/src/ChessLibrary/Knight.java</path>
<path
   action="A"
   kind="file">/agwall2/Assignment1.2/src/ChessLibrary/Pawn.java</path>
<path
   kind="file"
   action="A">/agwall2/Assignment1.2/src/ChessLibrary/Piece.java</path>
<path
   kind="file"
   action="A">/agwall2/Assignment1.2/src/ChessLibrary/Queen.java</path>
<path
   kind="file"
   action="A">/agwall2/Assignment1.2/src/ChessLibrary/Rook.java</path>
<path
   kind="file"
   action="A">/agwall2/Assignment1.2/src/ChessLibrary/Swapper.java</path>
<path
   action="A"
   kind="file">/agwall2/Assignment1.2/src/ChessLibrary/Tile.java</path>
<path
   action="A"
   kind="file">/agwall2/Assignment1.2/src/ChessView.java</path>
<path
   action="A"
   kind="dir">/agwall2/Assignment1.2/src/tests</path>
<path
   action="A"
   kind="file">/agwall2/Assignment1.2/src/tests/BishopTests.java</path>
<path
   kind="file"
   action="A">/agwall2/Assignment1.2/src/tests/BoardTests.java</path>
<path
   kind="file"
   action="A">/agwall2/Assignment1.2/src/tests/GameTests.java</path>
<path
   kind="file"
   action="A">/agwall2/Assignment1.2/src/tests/HopperTest.java</path>
<path
   kind="file"
   action="A">/agwall2/Assignment1.2/src/tests/KingTests.java</path>
<path
   action="A"
   kind="file">/agwall2/Assignment1.2/src/tests/KnightTest.java</path>
<path
   action="A"
   kind="file">/agwall2/Assignment1.2/src/tests/PawnTests.java</path>
<path
   action="A"
   kind="file">/agwall2/Assignment1.2/src/tests/PieceTests.java</path>
<path
   action="A"
   kind="file">/agwall2/Assignment1.2/src/tests/QueenTest.java</path>
<path
   kind="file"
   action="A">/agwall2/Assignment1.2/src/tests/RookTests.java</path>
<path
   kind="file"
   action="A">/agwall2/Assignment1.2/src/tests/SwapperTest.java</path>
</paths>
<msg></msg>
</logentry>
<logentry
   revision="3164">
<author>agwall2</author>
<date>2015-03-02T19:52:30.411419Z</date>
<paths>
<path
   kind="dir"
   action="A">/agwall2/Assignment1.2</path>
</paths>
<msg>Share project "Chess" into "https://subversion.ews.illinois.edu/svn/sp15-cs242/agwall2"</msg>
</logentry>
<logentry
   revision="2872">
<author>agwall2</author>
<date>2015-02-26T17:24:08.592570Z</date>
<paths>
<path
   action="A"
   kind="dir">/agwall2/Assignment2.0</path>
<path
   action="A"
   kind="dir">/agwall2/Assignment2.0/.idea</path>
<path
   kind="file"
   action="A">/agwall2/Assignment2.0/.idea/.name</path>
<path
   kind="file"
   action="A">/agwall2/Assignment2.0/.idea/CSAir.iml</path>
<path
   action="A"
   kind="dir">/agwall2/Assignment2.0/.idea/dictionaries</path>
<path
   action="A"
   kind="file">/agwall2/Assignment2.0/.idea/dictionaries/user.xml</path>
<path
   action="A"
   kind="file">/agwall2/Assignment2.0/.idea/encodings.xml</path>
<path
   action="A"
   kind="file">/agwall2/Assignment2.0/.idea/misc.xml</path>
<path
   action="A"
   kind="file">/agwall2/Assignment2.0/.idea/modules.xml</path>
<path
   kind="dir"
   action="A">/agwall2/Assignment2.0/.idea/scopes</path>
<path
   kind="file"
   action="A">/agwall2/Assignment2.0/.idea/scopes/scope_settings.xml</path>
<path
   kind="file"
   action="A">/agwall2/Assignment2.0/.idea/vcs.xml</path>
<path
   action="A"
   kind="file">/agwall2/Assignment2.0/.idea/workspace.xml</path>
<path
   action="A"
   kind="file">/agwall2/Assignment2.0/edge.rb</path>
<path
   action="A"
   kind="file">/agwall2/Assignment2.0/graph.rb</path>
<path
   kind="file"
   action="A">/agwall2/Assignment2.0/json_reader.rb</path>
<path
   kind="file"
   action="A">/agwall2/Assignment2.0/map_data.json</path>
<path
   kind="file"
   action="A">/agwall2/Assignment2.0/node.rb</path>
<path
   kind="dir"
   action="A">/agwall2/Assignment2.0/tests</path>
<path
   kind="file"
   action="A">/agwall2/Assignment2.0/tests/graph_test.rb</path>
<path
   action="A"
   kind="file">/agwall2/Assignment2.0/tests/json_reader_test.rb</path>
<path
   action="A"
   kind="file">/agwall2/Assignment2.0/tests/test_data.json</path>
<path
   action="A"
   kind="file">/agwall2/Assignment2.0/text_interface.rb</path>
</paths>
<msg></msg>
</logentry>
<logentry
   revision="2871">
<author>agwall2</author>
<date>2015-02-26T17:23:32.642957Z</date>
<paths>
<path
   kind="dir"
   action="D">/agwall2/.idea</path>
</paths>
<msg></msg>
</logentry>
<logentry
   revision="2870">
<author>agwall2</author>
<date>2015-02-26T17:23:15.776613Z</date>
<paths>
<path
   action="D"
   kind="file">/agwall2/edge.rb</path>
<path
   action="D"
   kind="file">/agwall2/graph.rb</path>
<path
   action="D"
   kind="file">/agwall2/json_reader.rb</path>
<path
   kind="file"
   action="D">/agwall2/map_data.json</path>
<path
   kind="file"
   action="D">/agwall2/node.rb</path>
<path
   kind="dir"
   action="D">/agwall2/tests</path>
<path
   kind="file"
   action="D">/agwall2/text_interface.rb</path>
</paths>
<msg></msg>
</logentry>
<logentry
   revision="2869">
<author>agwall2</author>
<date>2015-02-26T17:20:55.514986Z</date>
<paths>
<path
   action="A"
   kind="dir">/agwall2/.idea</path>
<path
   action="A"
   kind="file">/agwall2/.idea/.name</path>
<path
   action="A"
   kind="file">/agwall2/.idea/CSAir.iml</path>
<path
   action="A"
   kind="dir">/agwall2/.idea/dictionaries</path>
<path
   action="A"
   kind="file">/agwall2/.idea/dictionaries/user.xml</path>
<path
   kind="file"
   action="A">/agwall2/.idea/encodings.xml</path>
<path
   kind="file"
   action="A">/agwall2/.idea/misc.xml</path>
<path
   kind="file"
   action="A">/agwall2/.idea/modules.xml</path>
<path
   kind="dir"
   action="A">/agwall2/.idea/scopes</path>
<path
   action="A"
   kind="file">/agwall2/.idea/scopes/scope_settings.xml</path>
<path
   action="A"
   kind="file">/agwall2/.idea/vcs.xml</path>
<path
   kind="file"
   action="A">/agwall2/.idea/workspace.xml</path>
<path
   kind="file"
   action="A">/agwall2/edge.rb</path>
<path
   kind="file"
   action="A">/agwall2/graph.rb</path>
<path
   kind="file"
   action="A">/agwall2/json_reader.rb</path>
<path
   action="A"
   kind="file">/agwall2/map_data.json</path>
<path
   action="A"
   kind="file">/agwall2/node.rb</path>
<path
   action="A"
   kind="dir">/agwall2/tests</path>
<path
   action="A"
   kind="file">/agwall2/tests/graph_test.rb</path>
<path
   action="A"
   kind="file">/agwall2/tests/json_reader_test.rb</path>
<path
   kind="file"
   action="A">/agwall2/tests/test_data.json</path>
<path
   kind="file"
   action="A">/agwall2/text_interface.rb</path>
</paths>
<msg></msg>
</logentry>
<logentry
   revision="2156">
<author>agwall2</author>
<date>2015-02-20T06:53:03.975991Z</date>
<paths>
<path
   action="A"
   kind="file">/agwall2/Assignment1.1/GUI Test Doc.docx</path>
</paths>
<msg></msg>
</logentry>
<logentry
   revision="2005">
<author>agwall2</author>
<date>2015-02-19T21:41:42.368645Z</date>
<paths>
<path
   action="A"
   kind="file">/agwall2/Assignment1.1/Doxyfile</path>
<path
   action="A"
   kind="file">/agwall2/Assignment1.1/doxygen</path>
<path
   kind="dir"
   action="A">/agwall2/Assignment1.1/html</path>
<path
   kind="file"
   action="A">/agwall2/Assignment1.1/html/BishopTests_8java.html</path>
<path
   action="A"
   kind="file">/agwall2/Assignment1.1/html/Bishop_8java.html</path>
<path
   action="A"
   kind="file">/agwall2/Assignment1.1/html/Board_8java.html</path>
<path
   kind="file"
   action="A">/agwall2/Assignment1.1/html/ChessGUI_8java.html</path>
<path
   kind="file"
   action="A">/agwall2/Assignment1.1/html/GameTests_8java.html</path>
<path
   kind="file"
   action="A">/agwall2/Assignment1.1/html/HopperTest_8java.html</path>
<path
   kind="file"
   action="A">/agwall2/Assignment1.1/html/Hopper_8java.html</path>
<path
   kind="file"
   action="A">/agwall2/Assignment1.1/html/KingTests_8java.html</path>
<path
   action="A"
   kind="file">/agwall2/Assignment1.1/html/KnightTest_8java.html</path>
<path
   action="A"
   kind="file">/agwall2/Assignment1.1/html/Knight_8java.html</path>
<path
   action="A"
   kind="file">/agwall2/Assignment1.1/html/PawnTests_8java.html</path>
<path
   action="A"
   kind="file">/agwall2/Assignment1.1/html/Pawn_8java.html</path>
<path
   kind="file"
   action="A">/agwall2/Assignment1.1/html/PieceTests_8java.html</path>
<path
   kind="file"
   action="A">/agwall2/Assignment1.1/html/Piece_8java.html</path>
<path
   kind="file"
   action="A">/agwall2/Assignment1.1/html/QueenTest_8java.html</path>
<path
   action="A"
   kind="file">/agwall2/Assignment1.1/html/Queen_8java.html</path>
<path
   action="A"
   kind="file">/agwall2/Assignment1.1/html/RookTests_8java.html</path>
<path
   action="A"
   kind="file">/agwall2/Assignment1.1/html/Rook_8java.html</path>
<path
   action="A"
   kind="file">/agwall2/Assignment1.1/html/SwapperTest_8java.html</path>
<path
   kind="file"
   action="A">/agwall2/Assignment1.1/html/Swapper_8java.html</path>
<path
   action="A"
   kind="file">/agwall2/Assignment1.1/html/Tile_8java.html</path>
<path
   kind="file"
   action="A">/agwall2/Assignment1.1/html/annotated.html</path>
<path
   kind="file"
   action="A">/agwall2/Assignment1.1/html/bc_s.png</path>
<path
   kind="file"
   action="A">/agwall2/Assignment1.1/html/bdwn.png</path>
<path
   kind="file"
   action="A">/agwall2/Assignment1.1/html/classChessGUI-members.html</path>
<path
   kind="file"
   action="A">/agwall2/Assignment1.1/html/classChessGUI.html</path>
<path
   action="A"
   kind="file">/agwall2/Assignment1.1/html/classChessLibrary_1_1Bishop-members.html</path>
<path
   action="A"
   kind="file">/agwall2/Assignment1.1/html/classChessLibrary_1_1Bishop.html</path>
<path
   action="A"
   kind="file">/agwall2/Assignment1.1/html/classChessLibrary_1_1Bishop.png</path>
<path
   action="A"
   kind="file">/agwall2/Assignment1.1/html/classChessLibrary_1_1Board-members.html</path>
<path
   kind="file"
   action="A">/agwall2/Assignment1.1/html/classChessLibrary_1_1Board.html</path>
<path
   kind="file"
   action="A">/agwall2/Assignment1.1/html/classChessLibrary_1_1Game-members.html</path>
<path
   kind="file"
   action="A">/agwall2/Assignment1.1/html/classChessLibrary_1_1Game.html</path>
<path
   kind="file"
   action="A">/agwall2/Assignment1.1/html/classChessLibrary_1_1Hopper-members.html</path>
<path
   action="A"
   kind="file">/agwall2/Assignment1.1/html/classChessLibrary_1_1Hopper.html</path>
<path
   action="A"
   kind="file">/agwall2/Assignment1.1/html/classChessLibrary_1_1Hopper.png</path>
<path
   action="A"
   kind="file">/agwall2/Assignment1.1/html/classChessLibrary_1_1King-members.html</path>
<path
   action="A"
   kind="file">/agwall2/Assignment1.1/html/classChessLibrary_1_1King.html</path>
<path
   kind="file"
   action="A">/agwall2/Assignment1.1/html/classChessLibrary_1_1King.png</path>
<path
   kind="file"
   action="A">/agwall2/Assignment1.1/html/classChessLibrary_1_1Knight-members.html</path>
<path
   action="A"
   kind="file">/agwall2/Assignment1.1/html/classChessLibrary_1_1Knight.html</path>
<path
   action="A"
   kind="file">/agwall2/Assignment1.1/html/classChessLibrary_1_1Knight.png</path>
<path
   action="A"
   kind="file">/agwall2/Assignment1.1/html/classChessLibrary_1_1Pawn-members.html</path>
<path
   kind="file"
   action="A">/agwall2/Assignment1.1/html/classChessLibrary_1_1Pawn.html</path>
<path
   kind="file"
   action="A">/agwall2/Assignment1.1/html/classChessLibrary_1_1Pawn.png</path>
<path
   kind="file"
   action="A">/agwall2/Assignment1.1/html/classChessLibrary_1_1Piece-members.html</path>
<path
   kind="file"
   action="A">/agwall2/Assignment1.1/html/classChessLibrary_1_1Piece.html</path>
<path
   action="A"
   kind="file">/agwall2/Assignment1.1/html/classChessLibrary_1_1Piece.png</path>
<path
   action="A"
   kind="file">/agwall2/Assignment1.1/html/classChessLibrary_1_1Queen-members.html</path>
<path
   action="A"
   kind="file">/agwall2/Assignment1.1/html/classChessLibrary_1_1Queen.html</path>
<path
   action="A"
   kind="file">/agwall2/Assignment1.1/html/classChessLibrary_1_1Queen.png</path>
<path
   kind="file"
   action="A">/agwall2/Assignment1.1/html/classChessLibrary_1_1Rook-members.html</path>
<path
   kind="file"
   action="A">/agwall2/Assignment1.1/html/classChessLibrary_1_1Rook.html</path>
<path
   kind="file"
   action="A">/agwall2/Assignment1.1/html/classChessLibrary_1_1Rook.png</path>
<path
   kind="file"
   action="A">/agwall2/Assignment1.1/html/classChessLibrary_1_1Swapper-members.html</path>
<path
   action="A"
   kind="file">/agwall2/Assignment1.1/html/classChessLibrary_1_1Swapper.html</path>
<path
   action="A"
   kind="file">/agwall2/Assignment1.1/html/classChessLibrary_1_1Swapper.png</path>
<path
   kind="file"
   action="A">/agwall2/Assignment1.1/html/classChessLibrary_1_1Tile-members.html</path>
<path
   action="A"
   kind="file">/agwall2/Assignment1.1/html/classChessLibrary_1_1Tile.html</path>
<path
   kind="file"
   action="A">/agwall2/Assignment1.1/html/classes.html</path>
<path
   kind="file"
   action="A">/agwall2/Assignment1.1/html/classtests_1_1BishopTests-members.html</path>
<path
   kind="file"
   action="A">/agwall2/Assignment1.1/html/classtests_1_1BishopTests.html</path>
<path
   kind="file"
   action="A">/agwall2/Assignment1.1/html/classtests_1_1BoardTests-members.html</path>
<path
   action="A"
   kind="file">/agwall2/Assignment1.1/html/classtests_1_1BoardTests.html</path>
<path
   action="A"
   kind="file">/agwall2/Assignment1.1/html/classtests_1_1GameTests-members.html</path>
<path
   action="A"
   kind="file">/agwall2/Assignment1.1/html/classtests_1_1GameTests.html</path>
<path
   action="A"
   kind="file">/agwall2/Assignment1.1/html/classtests_1_1HopperTest-members.html</path>
<path
   kind="file"
   action="A">/agwall2/Assignment1.1/html/classtests_1_1HopperTest.html</path>
<path
   kind="file"
   action="A">/agwall2/Assignment1.1/html/classtests_1_1KingTests-members.html</path>
<path
   action="A"
   kind="file">/agwall2/Assignment1.1/html/classtests_1_1KingTests.html</path>
<path
   kind="file"
   action="A">/agwall2/Assignment1.1/html/classtests_1_1KnightTest-members.html</path>
<path
   action="A"
   kind="file">/agwall2/Assignment1.1/html/classtests_1_1KnightTest.html</path>
<path
   action="A"
   kind="file">/agwall2/Assignment1.1/html/classtests_1_1PawnTests-members.html</path>
<path
   action="A"
   kind="file">/agwall2/Assignment1.1/html/classtests_1_1PawnTests.html</path>
<path
   kind="file"
   action="A">/agwall2/Assignment1.1/html/classtests_1_1PieceTests-members.html</path>
<path
   kind="file"
   action="A">/agwall2/Assignment1.1/html/classtests_1_1PieceTests.html</path>
<path
   kind="file"
   action="A">/agwall2/Assignment1.1/html/classtests_1_1QueenTest-members.html</path>
<path
   kind="file"
   action="A">/agwall2/Assignment1.1/html/classtests_1_1QueenTest.html</path>
<path
   kind="file"
   action="A">/agwall2/Assignment1.1/html/classtests_1_1RookTests-members.html</path>
<path
   action="A"
   kind="file">/agwall2/Assignment1.1/html/classtests_1_1RookTests.html</path>
<path
   kind="file"
   action="A">/agwall2/Assignment1.1/html/classtests_1_1SwapperTest-members.html</path>
<path
   kind="file"
   action="A">/agwall2/Assignment1.1/html/classtests_1_1SwapperTest.html</path>
<path
   kind="file"
   action="A">/agwall2/Assignment1.1/html/closed.png</path>
<path
   action="A"
   kind="file">/agwall2/Assignment1.1/html/dir_68267d1309a1af8e8297ef4c3efbcdba.html</path>
<path
   action="A"
   kind="file">/agwall2/Assignment1.1/html/dir_cf58be3d3b1cfedb6be7afffc42fe493.html</path>
<path
   action="A"
   kind="file">/agwall2/Assignment1.1/html/dir_d93a1d4020dea85bb71b237545b5e722.html</path>
<path
   action="A"
   kind="file">/agwall2/Assignment1.1/html/doxygen.css</path>
<path
   kind="file"
   action="A">/agwall2/Assignment1.1/html/doxygen.png</path>
<path
   kind="file"
   action="A">/agwall2/Assignment1.1/html/dynsections.js</path>
<path
   kind="file"
   action="A">/agwall2/Assignment1.1/html/files.html</path>
<path
   kind="file"
   action="A">/agwall2/Assignment1.1/html/ftv2blank.png</path>
<path
   action="A"
   kind="file">/agwall2/Assignment1.1/html/ftv2cl.png</path>
<path
   action="A"
   kind="file">/agwall2/Assignment1.1/html/ftv2doc.png</path>
<path
   action="A"
   kind="file">/agwall2/Assignment1.1/html/ftv2folderclosed.png</path>
<path
   action="A"
   kind="file">/agwall2/Assignment1.1/html/ftv2folderopen.png</path>
<path
   kind="file"
   action="A">/agwall2/Assignment1.1/html/ftv2lastnode.png</path>
<path
   kind="file"
   action="A">/agwall2/Assignment1.1/html/ftv2link.png</path>
<path
   kind="file"
   action="A">/agwall2/Assignment1.1/html/ftv2mlastnode.png</path>
<path
   kind="file"
   action="A">/agwall2/Assignment1.1/html/ftv2mnode.png</path>
<path
   action="A"
   kind="file">/agwall2/Assignment1.1/html/ftv2mo.png</path>
<path
   action="A"
   kind="file">/agwall2/Assignment1.1/html/ftv2node.png</path>
<path
   action="A"
   kind="file">/agwall2/Assignment1.1/html/ftv2ns.png</path>
<path
   kind="file"
   action="A">/agwall2/Assignment1.1/html/ftv2plastnode.png</path>
<path
   kind="file"
   action="A">/agwall2/Assignment1.1/html/ftv2pnode.png</path>
<path
   kind="file"
   action="A">/agwall2/Assignment1.1/html/ftv2splitbar.png</path>
<path
   kind="file"
   action="A">/agwall2/Assignment1.1/html/ftv2vertline.png</path>
<path
   kind="file"
   action="A">/agwall2/Assignment1.1/html/functions.html</path>
<path
   action="A"
   kind="file">/agwall2/Assignment1.1/html/functions_func.html</path>
<path
   action="A"
   kind="file">/agwall2/Assignment1.1/html/hierarchy.html</path>
<path
   action="A"
   kind="file">/agwall2/Assignment1.1/html/index.html</path>
<path
   action="A"
   kind="file">/agwall2/Assignment1.1/html/jquery.js</path>
<path
   kind="file"
   action="A">/agwall2/Assignment1.1/html/nav_f.png</path>
<path
   kind="file"
   action="A">/agwall2/Assignment1.1/html/nav_g.png</path>
<path
   kind="file"
   action="A">/agwall2/Assignment1.1/html/nav_h.png</path>
<path
   action="A"
   kind="file">/agwall2/Assignment1.1/html/open.png</path>
<path
   action="A"
   kind="dir">/agwall2/Assignment1.1/html/search</path>
<path
   action="A"
   kind="file">/agwall2/Assignment1.1/html/search/all_62.html</path>
<path
   action="A"
   kind="file">/agwall2/Assignment1.1/html/search/all_62.js</path>
<path
   action="A"
   kind="file">/agwall2/Assignment1.1/html/search/all_63.html</path>
<path
   kind="file"
   action="A">/agwall2/Assignment1.1/html/search/all_63.js</path>
<path
   kind="file"
   action="A">/agwall2/Assignment1.1/html/search/all_65.html</path>
<path
   kind="file"
   action="A">/agwall2/Assignment1.1/html/search/all_65.js</path>
<path
   action="A"
   kind="file">/agwall2/Assignment1.1/html/search/all_67.html</path>
<path
   action="A"
   kind="file">/agwall2/Assignment1.1/html/search/all_67.js</path>
<path
   action="A"
   kind="file">/agwall2/Assignment1.1/html/search/all_68.html</path>
<path
   action="A"
   kind="file">/agwall2/Assignment1.1/html/search/all_68.js</path>
<path
   kind="file"
   action="A">/agwall2/Assignment1.1/html/search/all_69.html</path>
<path
   kind="file"
   action="A">/agwall2/Assignment1.1/html/search/all_69.js</path>
<path
   kind="file"
   action="A">/agwall2/Assignment1.1/html/search/all_6b.html</path>
<path
   action="A"
   kind="file">/agwall2/Assignment1.1/html/search/all_6b.js</path>
<path
   action="A"
   kind="file">/agwall2/Assignment1.1/html/search/all_6d.html</path>
<path
   action="A"
   kind="file">/agwall2/Assignment1.1/html/search/all_6d.js</path>
<path
   action="A"
   kind="file">/agwall2/Assignment1.1/html/search/all_70.html</path>
<path
   kind="file"
   action="A">/agwall2/Assignment1.1/html/search/all_70.js</path>
<path
   kind="file"
   action="A">/agwall2/Assignment1.1/html/search/all_71.html</path>
<path
   kind="file"
   action="A">/agwall2/Assignment1.1/html/search/all_71.js</path>
<path
   kind="file"
   action="A">/agwall2/Assignment1.1/html/search/all_72.html</path>
<path
   action="A"
   kind="file">/agwall2/Assignment1.1/html/search/all_72.js</path>
<path
   action="A"
   kind="file">/agwall2/Assignment1.1/html/search/all_73.html</path>
<path
   action="A"
   kind="file">/agwall2/Assignment1.1/html/search/all_73.js</path>
<path
   action="A"
   kind="file">/agwall2/Assignment1.1/html/search/all_74.html</path>
<path
   kind="file"
   action="A">/agwall2/Assignment1.1/html/search/all_74.js</path>
<path
   kind="file"
   action="A">/agwall2/Assignment1.1/html/search/all_75.html</path>
<path
   kind="file"
   action="A">/agwall2/Assignment1.1/html/search/all_75.js</path>
<path
   kind="file"
   action="A">/agwall2/Assignment1.1/html/search/all_76.html</path>
<path
   action="A"
   kind="file">/agwall2/Assignment1.1/html/search/all_76.js</path>
<path
   action="A"
   kind="file">/agwall2/Assignment1.1/html/search/classes_62.html</path>
<path
   action="A"
   kind="file">/agwall2/Assignment1.1/html/search/classes_62.js</path>
<path
   action="A"
   kind="file">/agwall2/Assignment1.1/html/search/classes_63.html</path>
<path
   kind="file"
   action="A">/agwall2/Assignment1.1/html/search/classes_63.js</path>
<path
   kind="file"
   action="A">/agwall2/Assignment1.1/html/search/classes_67.html</path>
<path
   kind="file"
   action="A">/agwall2/Assignment1.1/html/search/classes_67.js</path>
<path
   kind="file"
   action="A">/agwall2/Assignment1.1/html/search/classes_68.html</path>
<path
   action="A"
   kind="file">/agwall2/Assignment1.1/html/search/classes_68.js</path>
<path
   action="A"
   kind="file">/agwall2/Assignment1.1/html/search/classes_6b.html</path>
<path
   action="A"
   kind="file">/agwall2/Assignment1.1/html/search/classes_6b.js</path>
<path
   action="A"
   kind="file">/agwall2/Assignment1.1/html/search/classes_70.html</path>
<path
   kind="file"
   action="A">/agwall2/Assignment1.1/html/search/classes_70.js</path>
<path
   kind="file"
   action="A">/agwall2/Assignment1.1/html/search/classes_71.html</path>
<path
   kind="file"
   action="A">/agwall2/Assignment1.1/html/search/classes_71.js</path>
<path
   kind="file"
   action="A">/agwall2/Assignment1.1/html/search/classes_72.html</path>
<path
   action="A"
   kind="file">/agwall2/Assignment1.1/html/search/classes_72.js</path>
<path
   action="A"
   kind="file">/agwall2/Assignment1.1/html/search/classes_73.html</path>
<path
   action="A"
   kind="file">/agwall2/Assignment1.1/html/search/classes_73.js</path>
<path
   action="A"
   kind="file">/agwall2/Assignment1.1/html/search/classes_74.html</path>
<path
   kind="file"
   action="A">/agwall2/Assignment1.1/html/search/classes_74.js</path>
<path
   kind="file"
   action="A">/agwall2/Assignment1.1/html/search/close.png</path>
<path
   kind="file"
   action="A">/agwall2/Assignment1.1/html/search/files_62.html</path>
<path
   kind="file"
   action="A">/agwall2/Assignment1.1/html/search/files_62.js</path>
<path
   action="A"
   kind="file">/agwall2/Assignment1.1/html/search/files_63.html</path>
<path
   action="A"
   kind="file">/agwall2/Assignment1.1/html/search/files_63.js</path>
<path
   action="A"
   kind="file">/agwall2/Assignment1.1/html/search/files_67.html</path>
<path
   kind="file"
   action="A">/agwall2/Assignment1.1/html/search/files_67.js</path>
<path
   action="A"
   kind="file">/agwall2/Assignment1.1/html/search/files_68.html</path>
<path
   action="A"
   kind="file">/agwall2/Assignment1.1/html/search/files_68.js</path>
<path
   action="A"
   kind="file">/agwall2/Assignment1.1/html/search/files_6b.html</path>
<path
   kind="file"
   action="A">/agwall2/Assignment1.1/html/search/files_6b.js</path>
<path
   kind="file"
   action="A">/agwall2/Assignment1.1/html/search/files_70.html</path>
<path
   kind="file"
   action="A">/agwall2/Assignment1.1/html/search/files_70.js</path>
<path
   kind="file"
   action="A">/agwall2/Assignment1.1/html/search/files_71.html</path>
<path
   action="A"
   kind="file">/agwall2/Assignment1.1/html/search/files_71.js</path>
<path
   action="A"
   kind="file">/agwall2/Assignment1.1/html/search/files_72.html</path>
<path
   action="A"
   kind="file">/agwall2/Assignment1.1/html/search/files_72.js</path>
<path
   action="A"
   kind="file">/agwall2/Assignment1.1/html/search/files_73.html</path>
<path
   kind="file"
   action="A">/agwall2/Assignment1.1/html/search/files_73.js</path>
<path
   kind="file"
   action="A">/agwall2/Assignment1.1/html/search/files_74.html</path>
<path
   kind="file"
   action="A">/agwall2/Assignment1.1/html/search/files_74.js</path>
<path
   kind="file"
   action="A">/agwall2/Assignment1.1/html/search/functions_62.html</path>
<path
   action="A"
   kind="file">/agwall2/Assignment1.1/html/search/functions_62.js</path>
<path
   action="A"
   kind="file">/agwall2/Assignment1.1/html/search/functions_63.html</path>
<path
   action="A"
   kind="file">/agwall2/Assignment1.1/html/search/functions_63.js</path>
<path
   action="A"
   kind="file">/agwall2/Assignment1.1/html/search/functions_65.html</path>
<path
   kind="file"
   action="A">/agwall2/Assignment1.1/html/search/functions_65.js</path>
<path
   kind="file"
   action="A">/agwall2/Assignment1.1/html/search/functions_69.html</path>
<path
   kind="file"
   action="A">/agwall2/Assignment1.1/html/search/functions_69.js</path>
<path
   kind="file"
   action="A">/agwall2/Assignment1.1/html/search/functions_6d.html</path>
<path
   action="A"
   kind="file">/agwall2/Assignment1.1/html/search/functions_6d.js</path>
<path
   action="A"
   kind="file">/agwall2/Assignment1.1/html/search/functions_70.html</path>
<path
   action="A"
   kind="file">/agwall2/Assignment1.1/html/search/functions_70.js</path>
<path
   action="A"
   kind="file">/agwall2/Assignment1.1/html/search/functions_72.html</path>
<path
   kind="file"
   action="A">/agwall2/Assignment1.1/html/search/functions_72.js</path>
<path
   kind="file"
   action="A">/agwall2/Assignment1.1/html/search/functions_73.html</path>
<path
   kind="file"
   action="A">/agwall2/Assignment1.1/html/search/functions_73.js</path>
<path
   kind="file"
   action="A">/agwall2/Assignment1.1/html/search/functions_74.html</path>
<path
   action="A"
   kind="file">/agwall2/Assignment1.1/html/search/functions_74.js</path>
<path
   action="A"
   kind="file">/agwall2/Assignment1.1/html/search/functions_75.html</path>
<path
   action="A"
   kind="file">/agwall2/Assignment1.1/html/search/functions_75.js</path>
<path
   action="A"
   kind="file">/agwall2/Assignment1.1/html/search/functions_76.html</path>
<path
   kind="file"
   action="A">/agwall2/Assignment1.1/html/search/functions_76.js</path>
<path
   kind="file"
   action="A">/agwall2/Assignment1.1/html/search/mag_sel.png</path>
<path
   kind="file"
   action="A">/agwall2/Assignment1.1/html/search/nomatches.html</path>
<path
   kind="file"
   action="A">/agwall2/Assignment1.1/html/search/search.css</path>
<path
   action="A"
   kind="file">/agwall2/Assignment1.1/html/search/search.js</path>
<path
   action="A"
   kind="file">/agwall2/Assignment1.1/html/search/search_l.png</path>
<path
   action="A"
   kind="file">/agwall2/Assignment1.1/html/search/search_m.png</path>
<path
   action="A"
   kind="file">/agwall2/Assignment1.1/html/search/search_r.png</path>
<path
   kind="file"
   action="A">/agwall2/Assignment1.1/html/sync_off.png</path>
<path
   kind="file"
   action="A">/agwall2/Assignment1.1/html/sync_on.png</path>
<path
   kind="file"
   action="A">/agwall2/Assignment1.1/html/tab_a.png</path>
<path
   kind="file"
   action="A">/agwall2/Assignment1.1/html/tab_b.png</path>
<path
   kind="file"
   action="A">/agwall2/Assignment1.1/html/tab_h.png</path>
<path
   action="A"
   kind="file">/agwall2/Assignment1.1/html/tab_s.png</path>
<path
   action="A"
   kind="file">/agwall2/Assignment1.1/html/tabs.css</path>
<path
   kind="dir"
   action="A">/agwall2/Assignment1.1/latex</path>
<path
   action="A"
   kind="file">/agwall2/Assignment1.1/latex/BishopTests_8java.tex</path>
<path
   kind="file"
   action="A">/agwall2/Assignment1.1/latex/Bishop_8java.tex</path>
<path
   kind="file"
   action="A">/agwall2/Assignment1.1/latex/Board_8java.tex</path>
<path
   kind="file"
   action="A">/agwall2/Assignment1.1/latex/ChessGUI_8java.tex</path>
<path
   action="A"
   kind="file">/agwall2/Assignment1.1/latex/GameTests_8java.tex</path>
<path
   action="A"
   kind="file">/agwall2/Assignment1.1/latex/HopperTest_8java.tex</path>
<path
   action="A"
   kind="file">/agwall2/Assignment1.1/latex/Hopper_8java.tex</path>
<path
   kind="file"
   action="A">/agwall2/Assignment1.1/latex/KingTests_8java.tex</path>
<path
   kind="file"
   action="A">/agwall2/Assignment1.1/latex/KnightTest_8java.tex</path>
<path
   kind="file"
   action="A">/agwall2/Assignment1.1/latex/Knight_8java.tex</path>
<path
   kind="file"
   action="A">/agwall2/Assignment1.1/latex/Makefile</path>
<path
   action="A"
   kind="file">/agwall2/Assignment1.1/latex/PawnTests_8java.tex</path>
<path
   kind="file"
   action="A">/agwall2/Assignment1.1/latex/Pawn_8java.tex</path>
<path
   action="A"
   kind="file">/agwall2/Assignment1.1/latex/PieceTests_8java.tex</path>
<path
   action="A"
   kind="file">/agwall2/Assignment1.1/latex/Piece_8java.tex</path>
<path
   kind="file"
   action="A">/agwall2/Assignment1.1/latex/QueenTest_8java.tex</path>
<path
   kind="file"
   action="A">/agwall2/Assignment1.1/latex/Queen_8java.tex</path>
<path
   kind="file"
   action="A">/agwall2/Assignment1.1/latex/RookTests_8java.tex</path>
<path
   kind="file"
   action="A">/agwall2/Assignment1.1/latex/Rook_8java.tex</path>
<path
   kind="file"
   action="A">/agwall2/Assignment1.1/latex/SwapperTest_8java.tex</path>
<path
   kind="file"
   action="A">/agwall2/Assignment1.1/latex/Swapper_8java.tex</path>
<path
   action="A"
   kind="file">/agwall2/Assignment1.1/latex/Tile_8java.tex</path>
<path
   action="A"
   kind="file">/agwall2/Assignment1.1/latex/annotated.tex</path>
<path
   kind="file"
   action="A">/agwall2/Assignment1.1/latex/classChessGUI.tex</path>
<path
   kind="file"
   action="A">/agwall2/Assignment1.1/latex/classChessLibrary_1_1Bishop.eps</path>
<path
   kind="file"
   action="A">/agwall2/Assignment1.1/latex/classChessLibrary_1_1Bishop.tex</path>
<path
   kind="file"
   action="A">/agwall2/Assignment1.1/latex/classChessLibrary_1_1Board.tex</path>
<path
   kind="file"
   action="A">/agwall2/Assignment1.1/latex/classChessLibrary_1_1Game.tex</path>
<path
   kind="file"
   action="A">/agwall2/Assignment1.1/latex/classChessLibrary_1_1Hopper.eps</path>
<path
   action="A"
   kind="file">/agwall2/Assignment1.1/latex/classChessLibrary_1_1Hopper.tex</path>
<path
   action="A"
   kind="file">/agwall2/Assignment1.1/latex/classChessLibrary_1_1King.eps</path>
<path
   action="A"
   kind="file">/agwall2/Assignment1.1/latex/classChessLibrary_1_1King.tex</path>
<path
   action="A"
   kind="file">/agwall2/Assignment1.1/latex/classChessLibrary_1_1Knight.eps</path>
<path
   kind="file"
   action="A">/agwall2/Assignment1.1/latex/classChessLibrary_1_1Knight.tex</path>
<path
   kind="file"
   action="A">/agwall2/Assignment1.1/latex/classChessLibrary_1_1Pawn.eps</path>
<path
   action="A"
   kind="file">/agwall2/Assignment1.1/latex/classChessLibrary_1_1Pawn.tex</path>
<path
   action="A"
   kind="file">/agwall2/Assignment1.1/latex/classChessLibrary_1_1Piece.eps</path>
<path
   action="A"
   kind="file">/agwall2/Assignment1.1/latex/classChessLibrary_1_1Piece.tex</path>
<path
   action="A"
   kind="file">/agwall2/Assignment1.1/latex/classChessLibrary_1_1Queen.eps</path>
<path
   action="A"
   kind="file">/agwall2/Assignment1.1/latex/classChessLibrary_1_1Queen.tex</path>
<path
   kind="file"
   action="A">/agwall2/Assignment1.1/latex/classChessLibrary_1_1Rook.eps</path>
<path
   kind="file"
   action="A">/agwall2/Assignment1.1/latex/classChessLibrary_1_1Rook.tex</path>
<path
   kind="file"
   action="A">/agwall2/Assignment1.1/latex/classChessLibrary_1_1Swapper.eps</path>
<path
   kind="file"
   action="A">/agwall2/Assignment1.1/latex/classChessLibrary_1_1Swapper.tex</path>
<path
   action="A"
   kind="file">/agwall2/Assignment1.1/latex/classChessLibrary_1_1Tile.tex</path>
<path
   action="A"
   kind="file">/agwall2/Assignment1.1/latex/classtests_1_1BishopTests.tex</path>
<path
   action="A"
   kind="file">/agwall2/Assignment1.1/latex/classtests_1_1BoardTests.tex</path>
<path
   action="A"
   kind="file">/agwall2/Assignment1.1/latex/classtests_1_1GameTests.tex</path>
<path
   kind="file"
   action="A">/agwall2/Assignment1.1/latex/classtests_1_1HopperTest.tex</path>
<path
   kind="file"
   action="A">/agwall2/Assignment1.1/latex/classtests_1_1KingTests.tex</path>
<path
   kind="file"
   action="A">/agwall2/Assignment1.1/latex/classtests_1_1KnightTest.tex</path>
<path
   action="A"
   kind="file">/agwall2/Assignment1.1/latex/classtests_1_1PawnTests.tex</path>
<path
   action="A"
   kind="file">/agwall2/Assignment1.1/latex/classtests_1_1PieceTests.tex</path>
<path
   action="A"
   kind="file">/agwall2/Assignment1.1/latex/classtests_1_1QueenTest.tex</path>
<path
   kind="file"
   action="A">/agwall2/Assignment1.1/latex/classtests_1_1RookTests.tex</path>
<path
   action="A"
   kind="file">/agwall2/Assignment1.1/latex/classtests_1_1SwapperTest.tex</path>
<path
   kind="file"
   action="A">/agwall2/Assignment1.1/latex/dir_68267d1309a1af8e8297ef4c3efbcdba.tex</path>
<path
   kind="file"
   action="A">/agwall2/Assignment1.1/latex/dir_cf58be3d3b1cfedb6be7afffc42fe493.tex</path>
<path
   action="A"
   kind="file">/agwall2/Assignment1.1/latex/dir_d93a1d4020dea85bb71b237545b5e722.tex</path>
<path
   action="A"
   kind="file">/agwall2/Assignment1.1/latex/doxygen.sty</path>
<path
   action="A"
   kind="file">/agwall2/Assignment1.1/latex/files.tex</path>
<path
   action="A"
   kind="file">/agwall2/Assignment1.1/latex/hierarchy.tex</path>
<path
   action="A"
   kind="file">/agwall2/Assignment1.1/latex/refman.tex</path>
</paths>
<msg>doxy</msg>
</logentry>
<logentry
   revision="2003">
<author>agwall2</author>
<date>2015-02-19T21:36:59.634124Z</date>
<paths>
<path
   kind="file"
   action="M">/agwall2/Assignment1.1/src/ChessLibrary/Board.java</path>
<path
   action="M"
   kind="file">/agwall2/Assignment1.1/src/ChessLibrary/Game.java</path>
<path
   action="M"
   kind="file">/agwall2/Assignment1.1/src/ChessLibrary/King.java</path>
<path
   kind="file"
   action="M">/agwall2/Assignment1.1/src/ChessLibrary/Knight.java</path>
<path
   kind="file"
   action="M">/agwall2/Assignment1.1/src/ChessLibrary/Pawn.java</path>
<path
   kind="file"
   action="M">/agwall2/Assignment1.1/src/ChessLibrary/Piece.java</path>
<path
   kind="file"
   action="M">/agwall2/Assignment1.1/src/ChessLibrary/Rook.java</path>
<path
   action="M"
   kind="file">/agwall2/Assignment1.1/src/ChessLibrary/Swapper.java</path>
<path
   action="M"
   kind="file">/agwall2/Assignment1.1/src/ChessLibrary/Tile.java</path>
<path
   action="M"
   kind="file">/agwall2/Assignment1.1/src/tests/BishopTests.java</path>
<path
   action="A"
   kind="file">/agwall2/Assignment1.1/src/tests/HopperTest.java</path>
<path
   kind="file"
   action="M">/agwall2/Assignment1.1/src/tests/KingTests.java</path>
<path
   kind="file"
   action="M">/agwall2/Assignment1.1/src/tests/KnightTest.java</path>
<path
   kind="file"
   action="M">/agwall2/Assignment1.1/src/tests/PawnTests.java</path>
<path
   kind="file"
   action="M">/agwall2/Assignment1.1/src/tests/PieceTests.java</path>
<path
   action="M"
   kind="file">/agwall2/Assignment1.1/src/tests/QueenTest.java</path>
<path
   action="M"
   kind="file">/agwall2/Assignment1.1/src/tests/RookTests.java</path>
<path
   action="A"
   kind="file">/agwall2/Assignment1.1/src/tests/SwapperTest.java</path>
</paths>
<msg></msg>
</logentry>
<logentry
   revision="1985">
<author>agwall2</author>
<date>2015-02-19T20:35:40.145942Z</date>
<paths>
<path
   kind="file"
   action="A">/agwall2/Assignment1.1/.classpath</path>
<path
   action="A"
   kind="file">/agwall2/Assignment1.1/.project</path>
<path
   action="A"
   kind="dir">/agwall2/Assignment1.1/.settings</path>
<path
   action="A"
   kind="file">/agwall2/Assignment1.1/.settings/org.eclipse.jdt.core.prefs</path>
<path
   action="A"
   kind="dir">/agwall2/Assignment1.1/images</path>
<path
   action="A"
   kind="file">/agwall2/Assignment1.1/images/black_bishop.png</path>
<path
   kind="file"
   action="A">/agwall2/Assignment1.1/images/black_king.png</path>
<path
   kind="file"
   action="A">/agwall2/Assignment1.1/images/black_knight.png</path>
<path
   action="A"
   kind="file">/agwall2/Assignment1.1/images/black_pawn.png</path>
<path
   action="A"
   kind="file">/agwall2/Assignment1.1/images/black_queen.png</path>
<path
   action="A"
   kind="file">/agwall2/Assignment1.1/images/black_rook.png</path>
<path
   action="A"
   kind="file">/agwall2/Assignment1.1/images/white_bishop.png</path>
<path
   action="A"
   kind="file">/agwall2/Assignment1.1/images/white_king.png</path>
<path
   action="A"
   kind="file">/agwall2/Assignment1.1/images/white_knight.png</path>
<path
   kind="file"
   action="A">/agwall2/Assignment1.1/images/white_pawn.png</path>
<path
   kind="file"
   action="A">/agwall2/Assignment1.1/images/white_queen.png</path>
<path
   kind="file"
   action="A">/agwall2/Assignment1.1/images/white_rook.png</path>
<path
   kind="dir"
   action="A">/agwall2/Assignment1.1/src</path>
<path
   action="A"
   kind="file">/agwall2/Assignment1.1/src/ChessGUI.java</path>
<path
   action="A"
   kind="dir">/agwall2/Assignment1.1/src/ChessLibrary</path>
<path
   action="A"
   kind="file">/agwall2/Assignment1.1/src/ChessLibrary/Bishop.java</path>
<path
   action="A"
   kind="file">/agwall2/Assignment1.1/src/ChessLibrary/Board.java</path>
<path
   kind="file"
   action="A">/agwall2/Assignment1.1/src/ChessLibrary/Game.java</path>
<path
   kind="file"
   action="A">/agwall2/Assignment1.1/src/ChessLibrary/Hopper.java</path>
<path
   action="A"
   kind="file">/agwall2/Assignment1.1/src/ChessLibrary/King.java</path>
<path
   action="A"
   kind="file">/agwall2/Assignment1.1/src/ChessLibrary/Knight.java</path>
<path
   action="A"
   kind="file">/agwall2/Assignment1.1/src/ChessLibrary/Pawn.java</path>
<path
   action="A"
   kind="file">/agwall2/Assignment1.1/src/ChessLibrary/Piece.java</path>
<path
   kind="file"
   action="A">/agwall2/Assignment1.1/src/ChessLibrary/Queen.java</path>
<path
   action="A"
   kind="file">/agwall2/Assignment1.1/src/ChessLibrary/Rook.java</path>
<path
   kind="file"
   action="A">/agwall2/Assignment1.1/src/ChessLibrary/Swapper.java</path>
<path
   kind="file"
   action="A">/agwall2/Assignment1.1/src/ChessLibrary/Tile.java</path>
<path
   action="A"
   kind="dir">/agwall2/Assignment1.1/src/tests</path>
<path
   action="A"
   kind="file">/agwall2/Assignment1.1/src/tests/BishopTests.java</path>
<path
   action="A"
   kind="file">/agwall2/Assignment1.1/src/tests/BoardTests.java</path>
<path
   action="A"
   kind="file">/agwall2/Assignment1.1/src/tests/GameTests.java</path>
<path
   action="A"
   kind="file">/agwall2/Assignment1.1/src/tests/KingTests.java</path>
<path
   action="A"
   kind="file">/agwall2/Assignment1.1/src/tests/KnightTest.java</path>
<path
   kind="file"
   action="A">/agwall2/Assignment1.1/src/tests/PawnTests.java</path>
<path
   kind="file"
   action="A">/agwall2/Assignment1.1/src/tests/PieceTests.java</path>
<path
   action="A"
   kind="file">/agwall2/Assignment1.1/src/tests/QueenTest.java</path>
<path
   kind="file"
   action="A">/agwall2/Assignment1.1/src/tests/RookTests.java</path>
</paths>
<msg></msg>
</logentry>
<logentry
   revision="1884">
<author>agwall2</author>
<date>2015-02-19T07:13:42.476574Z</date>
<paths>
<path
   action="A"
   kind="dir">/agwall2/Assignment1.1</path>
</paths>
<msg></msg>
</logentry>
<logentry
   revision="1064">
<author>agwall2</author>
<date>2015-02-12T21:33:21.062044Z</date>
<paths>
<path
   action="M"
   kind="file">/agwall2/Assignment1.0/src/ChessLibrary/Bishop.java</path>
<path
   kind="file"
   action="M">/agwall2/Assignment1.0/src/ChessLibrary/Board.java</path>
<path
   kind="file"
   action="M">/agwall2/Assignment1.0/src/ChessLibrary/Game.java</path>
<path
   action="M"
   kind="file">/agwall2/Assignment1.0/src/ChessLibrary/King.java</path>
<path
   action="M"
   kind="file">/agwall2/Assignment1.0/src/ChessLibrary/Pawn.java</path>
<path
   action="M"
   kind="file">/agwall2/Assignment1.0/src/ChessLibrary/Piece.java</path>
<path
   action="M"
   kind="file">/agwall2/Assignment1.0/src/ChessLibrary/Queen.java</path>
<path
   action="M"
   kind="file">/agwall2/Assignment1.0/src/ChessLibrary/Rook.java</path>
<path
   kind="file"
   action="A">/agwall2/Assignment1.0/src/tests/BishopTests.java</path>
<path
   kind="file"
   action="M">/agwall2/Assignment1.0/src/tests/BoardTests.java</path>
<path
   kind="file"
   action="A">/agwall2/Assignment1.0/src/tests/GameTests.java</path>
<path
   kind="file"
   action="A">/agwall2/Assignment1.0/src/tests/KingTests.java</path>
<path
   action="A"
   kind="file">/agwall2/Assignment1.0/src/tests/KnightTest.java</path>
<path
   action="A"
   kind="file">/agwall2/Assignment1.0/src/tests/PawnTests.java</path>
<path
   action="A"
   kind="file">/agwall2/Assignment1.0/src/tests/PieceTests.java</path>
<path
   action="A"
   kind="file">/agwall2/Assignment1.0/src/tests/QueenTest.java</path>
<path
   kind="file"
   action="A">/agwall2/Assignment1.0/src/tests/RookTests.java</path>
</paths>
<msg></msg>
</logentry>
<logentry
   revision="899">
<author>agwall2</author>
<date>2015-02-12T03:20:49.492840Z</date>
<paths>
<path
   action="M"
   kind="file">/agwall2/Assignment1.0/.classpath</path>
<path
   action="D"
   kind="file">/agwall2/Assignment1.0/src/Bishop.java</path>
<path
   action="D"
   kind="file">/agwall2/Assignment1.0/src/Board.java</path>
<path
   kind="dir"
   action="A">/agwall2/Assignment1.0/src/ChessLibrary</path>
<path
   kind="file"
   action="A">/agwall2/Assignment1.0/src/ChessLibrary/Bishop.java</path>
<path
   kind="file"
   action="A">/agwall2/Assignment1.0/src/ChessLibrary/Board.java</path>
<path
   kind="file"
   action="A">/agwall2/Assignment1.0/src/ChessLibrary/Game.java</path>
<path
   kind="file"
   action="A">/agwall2/Assignment1.0/src/ChessLibrary/King.java</path>
<path
   action="A"
   kind="file">/agwall2/Assignment1.0/src/ChessLibrary/Knight.java</path>
<path
   action="A"
   kind="file">/agwall2/Assignment1.0/src/ChessLibrary/Pawn.java</path>
<path
   action="A"
   kind="file">/agwall2/Assignment1.0/src/ChessLibrary/Piece.java</path>
<path
   action="A"
   kind="file">/agwall2/Assignment1.0/src/ChessLibrary/Queen.java</path>
<path
   kind="file"
   action="A">/agwall2/Assignment1.0/src/ChessLibrary/Rook.java</path>
<path
   kind="file"
   action="A">/agwall2/Assignment1.0/src/ChessLibrary/Tile.java</path>
<path
   action="D"
   kind="dir">/agwall2/Assignment1.0/src/ChessTests</path>
<path
   kind="file"
   action="D">/agwall2/Assignment1.0/src/Knight.java</path>
<path
   action="D"
   kind="file">/agwall2/Assignment1.0/src/Pawn.java</path>
<path
   action="D"
   kind="file">/agwall2/Assignment1.0/src/Piece.java</path>
<path
   kind="file"
   action="D">/agwall2/Assignment1.0/src/Queen.java</path>
<path
   kind="file"
   action="D">/agwall2/Assignment1.0/src/Rook.java</path>
<path
   kind="file"
   action="D">/agwall2/Assignment1.0/src/Tile.java</path>
<path
   kind="dir"
   action="A">/agwall2/Assignment1.0/src/tests</path>
<path
   action="A"
   kind="file">/agwall2/Assignment1.0/src/tests/BoardTests.java</path>
</paths>
<msg></msg>
</logentry>
<logentry
   revision="848">
<author>agwall2</author>
<date>2015-02-11T20:04:26.877848Z</date>
<paths>
<path
   kind="file"
   action="A">/agwall2/Assignment1.0/src/Bishop.java</path>
<path
   action="M"
   kind="file">/agwall2/Assignment1.0/src/Board.java</path>
<path
   action="A"
   kind="dir">/agwall2/Assignment1.0/src/ChessTests</path>
<path
   action="A"
   kind="file">/agwall2/Assignment1.0/src/Knight.java</path>
<path
   action="M"
   kind="file">/agwall2/Assignment1.0/src/Piece.java</path>
<path
   kind="file"
   action="A">/agwall2/Assignment1.0/src/Queen.java</path>
<path
   kind="file"
   action="M">/agwall2/Assignment1.0/src/Rook.java</path>
</paths>
<msg></msg>
</logentry>
<logentry
   revision="743">
<author>agwall2</author>
<date>2015-02-10T08:55:53.704181Z</date>
<paths>
<path
   kind="file"
   action="M">/agwall2/Assignment1.0/src/Rook.java</path>
</paths>
<msg></msg>
</logentry>
<logentry
   revision="742">
<author>agwall2</author>
<date>2015-02-10T08:46:15.691837Z</date>
<paths>
<path
   action="A"
   kind="file">/agwall2/Assignment1.0/.classpath</path>
<path
   action="A"
   kind="file">/agwall2/Assignment1.0/.project</path>
<path
   action="A"
   kind="dir">/agwall2/Assignment1.0/.settings</path>
<path
   action="A"
   kind="file">/agwall2/Assignment1.0/.settings/org.eclipse.jdt.core.prefs</path>
<path
   kind="dir"
   action="A">/agwall2/Assignment1.0/src</path>
<path
   kind="file"
   action="A">/agwall2/Assignment1.0/src/Board.java</path>
<path
   kind="file"
   action="A">/agwall2/Assignment1.0/src/Pawn.java</path>
<path
   kind="file"
   action="A">/agwall2/Assignment1.0/src/Piece.java</path>
<path
   action="A"
   kind="file">/agwall2/Assignment1.0/src/Rook.java</path>
<path
   action="A"
   kind="file">/agwall2/Assignment1.0/src/Tile.java</path>
</paths>
<msg></msg>
</logentry>
<logentry
   revision="741">
<author>agwall2</author>
<date>2015-02-10T08:45:56.058905Z</date>
<paths>
<path
   action="A"
   kind="dir">/agwall2/Assignment1.0</path>
</paths>
<msg>Share project "Chess" into "https://subversion.ews.illinois.edu/svn/sp15-cs242/agwall2"</msg>
</logentry>
<logentry
   revision="399">
<author>agwall2</author>
<date>2015-02-05T19:52:28.323787Z</date>
<paths>
<path
   action="A"
   kind="file">/agwall2/Assignment0/.project</path>
<path
   action="A"
   kind="file">/agwall2/Assignment0/Makefile</path>
<path
   action="A"
   kind="file">/agwall2/Assignment0/autograde.txt</path>
<path
   kind="dir"
   action="A">/agwall2/Assignment0/doc</path>
<path
   kind="file"
   action="A">/agwall2/Assignment0/doc/Doxyfile</path>
<path
   kind="file"
   action="A">/agwall2/Assignment0/doc/cs241.html</path>
<path
   kind="file"
   action="A">/agwall2/Assignment0/doc/doxygen.dox</path>
<path
   kind="file"
   action="A">/agwall2/Assignment0/doc/example1.html</path>
<path
   action="A"
   kind="file">/agwall2/Assignment0/doc/example2.html</path>
<path
   action="A"
   kind="file">/agwall2/Assignment0/doc/example3.html</path>
<path
   kind="file"
   action="A">/agwall2/Assignment0/doc/main.dox</path>
<path
   kind="file"
   action="A">/agwall2/Assignment0/doc/scheduler.html</path>
<path
   kind="dir"
   action="A">/agwall2/Assignment0/examples</path>
<path
   kind="file"
   action="A">/agwall2/Assignment0/examples/proc1-c1-fcfs.out</path>
<path
   action="A"
   kind="file">/agwall2/Assignment0/examples/proc1-c1-ppri.out</path>
<path
   action="A"
   kind="file">/agwall2/Assignment0/examples/proc1-c1-pri.out</path>
<path
   action="A"
   kind="file">/agwall2/Assignment0/examples/proc1-c1-psjf.out</path>
<path
   action="A"
   kind="file">/agwall2/Assignment0/examples/proc1-c1-rr1.out</path>
<path
   action="A"
   kind="file">/agwall2/Assignment0/examples/proc1-c1-rr2.out</path>
<path
   kind="file"
   action="A">/agwall2/Assignment0/examples/proc1-c1-rr4.out</path>
<path
   kind="file"
   action="A">/agwall2/Assignment0/examples/proc1-c1-sjf.out</path>
<path
   kind="file"
   action="A">/agwall2/Assignment0/examples/proc1-c2-fcfs.out</path>
<path
   action="A"
   kind="file">/agwall2/Assignment0/examples/proc1-c2-ppri.out</path>
<path
   action="A"
   kind="file">/agwall2/Assignment0/examples/proc1-c2-pri.out</path>
<path
   action="A"
   kind="file">/agwall2/Assignment0/examples/proc1-c2-psjf.out</path>
<path
   action="A"
   kind="file">/agwall2/Assignment0/examples/proc1-c2-rr1.out</path>
<path
   kind="file"
   action="A">/agwall2/Assignment0/examples/proc1-c2-rr2.out</path>
<path
   kind="file"
   action="A">/agwall2/Assignment0/examples/proc1-c2-rr4.out</path>
<path
   kind="file"
   action="A">/agwall2/Assignment0/examples/proc1-c2-sjf.out</path>
<path
   kind="file"
   action="A">/agwall2/Assignment0/examples/proc1.csv</path>
<path
   action="A"
   kind="file">/agwall2/Assignment0/examples/proc2-c1-fcfs.out</path>
<path
   action="A"
   kind="file">/agwall2/Assignment0/examples/proc2-c1-ppri.out</path>
<path
   kind="file"
   action="A">/agwall2/Assignment0/examples/proc2-c1-pri.out</path>
<path
   kind="file"
   action="A">/agwall2/Assignment0/examples/proc2-c1-psjf.out</path>
<path
   kind="file"
   action="A">/agwall2/Assignment0/examples/proc2-c1-rr1.out</path>
<path
   kind="file"
   action="A">/agwall2/Assignment0/examples/proc2-c1-rr2.out</path>
<path
   action="A"
   kind="file">/agwall2/Assignment0/examples/proc2-c1-rr4.out</path>
<path
   action="A"
   kind="file">/agwall2/Assignment0/examples/proc2-c1-sjf.out</path>
<path
   action="A"
   kind="file">/agwall2/Assignment0/examples/proc2-c2-fcfs.out</path>
<path
   action="A"
   kind="file">/agwall2/Assignment0/examples/proc2-c2-ppri.out</path>
<path
   action="A"
   kind="file">/agwall2/Assignment0/examples/proc2-c2-pri.out</path>
<path
   kind="file"
   action="A">/agwall2/Assignment0/examples/proc2-c2-psjf.out</path>
<path
   kind="file"
   action="A">/agwall2/Assignment0/examples/proc2-c2-rr1.out</path>
<path
   kind="file"
   action="A">/agwall2/Assignment0/examples/proc2-c2-rr2.out</path>
<path
   kind="file"
   action="A">/agwall2/Assignment0/examples/proc2-c2-rr4.out</path>
<path
   action="A"
   kind="file">/agwall2/Assignment0/examples/proc2-c2-sjf.out</path>
<path
   action="A"
   kind="file">/agwall2/Assignment0/examples/proc2.csv</path>
<path
   kind="file"
   action="A">/agwall2/Assignment0/examples/proc3-c1-fcfs.out</path>
<path
   kind="file"
   action="A">/agwall2/Assignment0/examples/proc3-c1-ppri.out</path>
<path
   kind="file"
   action="A">/agwall2/Assignment0/examples/proc3-c1-pri.out</path>
<path
   kind="file"
   action="A">/agwall2/Assignment0/examples/proc3-c1-psjf.out</path>
<path
   kind="file"
   action="A">/agwall2/Assignment0/examples/proc3-c1-rr1.out</path>
<path
   action="A"
   kind="file">/agwall2/Assignment0/examples/proc3-c1-rr2.out</path>
<path
   action="A"
   kind="file">/agwall2/Assignment0/examples/proc3-c1-rr4.out</path>
<path
   action="A"
   kind="file">/agwall2/Assignment0/examples/proc3-c1-sjf.out</path>
<path
   kind="file"
   action="A">/agwall2/Assignment0/examples/proc3-c2-fcfs.out</path>
<path
   kind="file"
   action="A">/agwall2/Assignment0/examples/proc3-c2-ppri.out</path>
<path
   kind="file"
   action="A">/agwall2/Assignment0/examples/proc3-c2-pri.out</path>
<path
   action="A"
   kind="file">/agwall2/Assignment0/examples/proc3-c2-psjf.out</path>
<path
   action="A"
   kind="file">/agwall2/Assignment0/examples/proc3-c2-rr1.out</path>
<path
   action="A"
   kind="file">/agwall2/Assignment0/examples/proc3-c2-rr2.out</path>
<path
   action="A"
   kind="file">/agwall2/Assignment0/examples/proc3-c2-rr4.out</path>
<path
   kind="file"
   action="A">/agwall2/Assignment0/examples/proc3-c2-sjf.out</path>
<path
   kind="file"
   action="A">/agwall2/Assignment0/examples/proc3-c4-fcfs.out</path>
<path
   kind="file"
   action="A">/agwall2/Assignment0/examples/proc3-c4-ppri.out</path>
<path
   kind="file"
   action="A">/agwall2/Assignment0/examples/proc3-c4-pri.out</path>
<path
   kind="file"
   action="A">/agwall2/Assignment0/examples/proc3-c4-psjf.out</path>
<path
   action="A"
   kind="file">/agwall2/Assignment0/examples/proc3-c4-rr1.out</path>
<path
   action="A"
   kind="file">/agwall2/Assignment0/examples/proc3-c4-rr2.out</path>
<path
   action="A"
   kind="file">/agwall2/Assignment0/examples/proc3-c4-rr4.out</path>
<path
   kind="file"
   action="A">/agwall2/Assignment0/examples/proc3-c4-sjf.out</path>
<path
   kind="file"
   action="A">/agwall2/Assignment0/examples/proc3.csv</path>
<path
   kind="file"
   action="A">/agwall2/Assignment0/examples.pl</path>
<path
   action="A"
   kind="dir">/agwall2/Assignment0/libpriqueue</path>
<path
   action="A"
   kind="file">/agwall2/Assignment0/libpriqueue/libpriqueue.c</path>
<path
   action="A"
   kind="file">/agwall2/Assignment0/libpriqueue/libpriqueue.h</path>
<path
   action="A"
   kind="dir">/agwall2/Assignment0/libscheduler</path>
<path
   action="A"
   kind="file">/agwall2/Assignment0/libscheduler/libscheduler.c</path>
<path
   kind="file"
   action="A">/agwall2/Assignment0/libscheduler/libscheduler.h</path>
<path
   kind="file"
   action="A">/agwall2/Assignment0/queuetest.c</path>
<path
   kind="file"
   action="A">/agwall2/Assignment0/simulator.c</path>
</paths>
<msg></msg>
</logentry>
<logentry
   revision="398">
<author>agwall2</author>
<date>2015-02-05T19:52:02.917732Z</date>
<paths>
<path
   action="A"
   kind="dir">/agwall2/Assignment0</path>
</paths>
<msg>Share project "mp5" into "https://subversion.ews.illinois.edu/svn/sp15-cs242/agwall2"</msg>
</logentry>
<logentry
   revision="8">
<author>root</author>
<date>2015-02-04T16:45:14.773182Z</date>
<paths>
<path
   kind="dir"
   action="A">/agwall2</path>
</paths>
<msg>created directory agwall2</msg>
</logentry>
</log>
